,name,mp,ons_code
0,Brent Central,Dawn Butler MP,E14000591
1,Chelmsford,Vicky Ford MP,E14000628
2,Chippenham,Michelle Donelan MP,E14000635
3,Denton and Reddish,Andrew Gwynne MP,E14000661
4,East Yorkshire,Rt Hon Sir Greg Knight MP,E14000683
5,Hertford and Stortford,Mr Mark Prisk MP,E14000744
6,Kingston upon Hull East,Karl Turner MP,E14000771
7,Kirkcaldy and Cowdenbeath,Lesley Laird MP,S14000041
8,Livingston,Hannah Bardell MP,S14000044
9,"Manchester, Gorton",Afzal Khan MP,E14000808
10,North Dorset,Simon Hoare MP,E14000839
11,North East Hertfordshire,Rt Hon Sir Oliver Heald QC MP,E14000845
12,Rotherham,Sarah Champion MP,E14000904
13,Runnymede and Weybridge,Rt Hon Philip Hammond MP,E14000907
14,"Southampton, Itchen",Royston Smith MP,E14000955
15,York Central,Rachael Maskell MP,E14001061
16,Aberdeen North,Kirsty Blackman MP,S14000001
17,Aberdeen South,Ross Thomson MP,S14000002
18,Aldershot,Leo Docherty MP,E14000530
19,Aldridge-Brownhills,Wendy Morton MP,E14000531
20,Altrincham and Sale West,Sir Graham Brady MP,E14000532
21,Arundel and South Downs,Rt Hon Nick Herbert MP,E14000534
22,Ashfield,Gloria De Piero MP,E14000535
23,Ashford,Rt Hon Damian Green MP,E14000536
24,Banff and Buchan,David Duguid MP,S14000007
25,Basingstoke,Rt Hon Maria Miller MP,E14000545
26,Bassetlaw,John Mann MP,E14000546
27,Bath,Wera Hobhouse MP,E14000547
28,Battersea,Marsha De Cordova MP,E14000549
29,Bedford,Mohammad Yasin MP,E14000552
30,Belfast East,Gavin Robinson MP,N06000001
31,Belfast North,Rt Hon Nigel Dodds MP,N06000002
32,Bethnal Green and Bow,Rushanara Ali MP,E14000555
33,"Birmingham, Edgbaston",Preet Kaur Gill MP,E14000560
34,"Birmingham, Hall Green",Mr Roger Godsiff MP,E14000562
35,"Birmingham, Selly Oak",Steve McCabe MP,E14000567
36,"Birmingham, Yardley",Jess Phillips MP,E14000568
37,Blackburn,Kate Hollern MP,E14000570
38,Blackpool South,Gordon Marsden MP,E14000573
39,Blaenau Gwent,Nick Smith MP,W07000072
40,Blaydon,Liz Twist MP,E14000574
41,Bolton South East,Yasmin Qureshi MP,E14000579
42,Bosworth,David Tredinnick MP,E14000583
43,Bournemouth East,Rt Hon Tobias Ellwood MP,E14000584
44,Bournemouth West,Conor Burns MP,E14000585
45,Bradford East,Imran Hussain MP,E14000587
46,Braintree,James Cleverly MP,E14000590
47,Brentford and Isleworth,Ruth Cadbury MP,E14000593
48,Brentwood and Ongar,Alex Burghart MP,E14000594
49,Bridgwater and West Somerset,Mr Ian Liddell-Grainger MP,E14000595
50,"Brighton, Kemptown",Lloyd Russell-Moyle MP,E14000597
51,"Brighton, Pavilion",Caroline Lucas MP,E14000598
52,Bristol East,Kerry McCarthy MP,E14000599
53,Bristol West,Thangam Debbonaire MP,E14000602
54,Broxtowe,Rt Hon Anna Soubry MP,E14000607
55,Buckingham,Rt Hon John Bercow MP,E14000608
56,Bury North,James Frith MP,E14000611
57,Camberwell and Peckham,Rt Hon Harriet Harman QC MP,E14000615
58,Canterbury,Rosie Duffield MP,E14000619
59,Cardiff South and Penarth,Stephen Doughty MP,W07000080
60,Cardiff West,Kevin Brennan MP,W07000079
61,Carmarthen West and South Pembrokeshire,Simon Hart MP,W07000066
62,Carshalton and Wallington,Rt Hon Tom Brake MP,E14000621
63,Central Ayrshire,Dr Philippa Whitford MP,S14000010
64,Chelsea and Fulham,Rt Hon Greg Hands MP,E14000629
65,Chesham and Amersham,Rt Hon Dame Cheryl Gillan MP,E14000631
66,Chingford and Woodford Green,Rt Hon Iain Duncan Smith MP,E14000634
67,Cities of London and Westminster,Rt Hon Mark Field MP,E14000639
68,City of Durham,Dr Roberta Blackman-Woods MP,E14000641
69,Clacton,Giles Watling MP,E14000642
70,Clwyd West,Rt Hon David Jones MP,W07000059
71,Congleton,Fiona Bruce MP,E14000646
72,Crewe and Nantwich,Laura Smith MP,E14000653
73,Croydon Central,Sarah Jones MP,E14000654
74,Croydon South,Chris Philp MP,E14000656
75,Doncaster Central,Rt Hon Dame Rosie Winterton MP,E14000668
76,Don Valley,Rt Hon Caroline Flint MP,E14000667
77,Dulwich and West Norwood,Helen Hayes MP,E14000673
78,Dundee West,Chris Law MP,S14000016
79,Ealing Central and Acton,Dr Rupa Huq MP,E14000674
80,"Ealing, Southall",Mr Virendra Sharma MP,E14000676
81,East Antrim,Rt Hon Sammy Wilson MP,N06000005
82,Eastbourne,Stephen Lloyd MP,E14000684
83,East Devon,Rt Hon Sir Hugo Swire MP,E14000678
84,East Hampshire,Rt Hon Damian Hinds MP,E14000680
85,Eastleigh,Mims Davies MP,E14000685
86,East Londonderry,Mr Gregory Campbell MP,N06000006
87,East Renfrewshire,Paul Masterton MP,S14000021
88,Ellesmere Port and Neston,Justin Madders MP,E14000688
89,Eltham,Clive Efford MP,E14000690
90,"Enfield, Southgate",Bambos Charalambous MP,E14000692
91,Epsom and Ewell,Rt Hon Chris Grayling MP,E14000694
92,Exeter,Rt Hon Ben Bradshaw MP,E14000698
93,Faversham and Mid Kent,Helen Whately MP,E14000700
94,Feltham and Heston,Seema Malhotra MP,E14000701
95,Finchley and Golders Green,Mike Freer MP,E14000703
96,Fylde,Mark Menzies MP,E14000706
97,Gainsborough,Sir Edward Leigh MP,E14000707
98,Garston and Halewood,Maria Eagle MP,E14000708
99,Gillingham and Rainham,Rehman Chishti MP,E14000711
100,Glasgow Central,Alison Thewliss MP,S14000029
101,Glasgow East,David Linden MP,S14000030
102,Glasgow North,Patrick Grady MP,S14000031
103,Glenrothes,Peter Grant MP,S14000036
104,Gloucester,Richard Graham MP,E14000712
105,Gravesham,Adam Holloway MP,E14000715
106,Great Yarmouth,Rt Hon Brandon Lewis MP,E14000717
107,Guildford,Rt Hon Anne Milton MP,E14000719
108,Hackney North and Stoke Newington,Rt Hon Diane Abbott MP,E14000720
109,Hackney South and Shoreditch,Meg Hillier MP,E14000721
110,Harrogate and Knaresborough,Andrew Jones MP,E14000730
111,Harwich and North Essex,Mr Bernard Jenkin MP,E14000734
112,Hastings and Rye,Rt Hon Amber Rudd MP,E14000735
113,Havant,Alan Mak MP,E14000736
114,Hayes and Harlington,Rt Hon John McDonnell MP,E14000737
115,Hemel Hempstead,Rt Hon Sir Mike Penning MP,E14000739
116,Henley,John Howell MP,E14000742
117,Hereford and South Herefordshire,Jesse Norman MP,E14000743
118,Hertsmere,Oliver Dowden MP,E14000745
119,Hitchin and Harpenden,Bim Afolami MP,E14000749
120,Holborn and St Pancras,Rt Hon Keir Starmer MP,E14000750
121,Hornchurch and Upminster,Julia Lopez MP,E14000751
122,Horsham,Jeremy Quin MP,E14000753
123,Huntingdon,Mr Jonathan Djanogly MP,E14000757
124,Hyndburn,Graham P Jones MP,E14000758
125,Ilford South,Mike Gapes MP,E14000760
126,Ipswich,Sandy Martin MP,E14000761
127,Isle of Wight,Mr Bob Seely MP,E14000762
128,Islington North,Rt Hon Jeremy Corbyn MP,E14000763
129,Islington South and Finsbury,Rt Hon Emily Thornberry MP,E14000764
130,Keighley,John Grogan MP,E14000766
131,Kenilworth and Southam,Rt Hon Jeremy Wright QC MP,E14000767
132,Kensington,Emma Dent Coad MP,E14000768
133,Kettering,Mr Philip Hollobone MP,E14000769
134,Kingston and Surbiton,Rt Hon Sir Edward Davey MP,E14000770
135,Kingston upon Hull West and Hessle,Emma Hardy MP,E14000773
136,Kingswood,Chris Skidmore MP,E14000774
137,Leeds West,Rachel Reeves MP,E14000781
138,Leicester West,Liz Kendall MP,E14000784
139,Lewes,Maria Caulfield MP,E14000786
140,"Lewisham, Deptford",Vicky Foxcroft MP,E14000789
141,Lewisham East,Heidi Alexander MP,E14000787
142,Lewisham West and Penge,Ellie Reeves MP,E14000788
143,Leyton and Wanstead,John Cryer MP,E14000790
144,Linlithgow and East Falkirk,Martyn Day MP,S14000043
145,"Liverpool, Wavertree",Luciana Berger MP,E14000795
146,"Liverpool, West Derby",Stephen Twigg MP,E14000796
147,Ludlow,Mr Philip Dunne MP,E14000799
148,Luton North,Kelvin Hopkins MP,E14000800
149,Macclesfield,David Rutley MP,E14000802
150,Maidenhead,Rt Hon Theresa May MP,E14000803
151,Meon Valley,George Hollingbery MP,E14000811
152,Meriden,Rt Hon Dame Caroline Spelman MP,E14000812
153,Mid Derbyshire,Mrs Pauline Latham MP,E14000814
154,Middlesbrough,Andy McDonald MP,E14000819
155,Middlesbrough South and East Cleveland,Mr Simon Clarke MP,E14000820
156,Mid Sussex,Rt Hon Sir Nicholas Soames MP,E14000817
157,Mid Worcestershire,Nigel Huddleston MP,E14000818
158,Mitcham and Morden,Siobhain McDonagh MP,E14000823
159,Monmouth,David T. C. Davies MP,W07000054
160,Montgomeryshire,Glyn Davies MP,W07000063
161,Morley and Outwood,Andrea Jenkyns MP,E14000826
162,Neath,Christina Rees MP,W07000069
163,Newark,Robert Jenrick MP,E14000829
164,Newcastle upon Tyne East,Rt Hon Nicholas Brown MP,E14000832
165,Newcastle upon Tyne North,Catherine McKinnell MP,E14000833
166,New Forest West,Rt Hon Sir Desmond Swayne MP,E14000828
167,Newport East,Jessica Morden MP,W07000055
168,Newport West,Paul Flynn MP,W07000056
169,Newton Abbot,Anne Marie Morris MP,E14000835
170,Northampton South,Andrew Lewer MP,E14000862
171,North Antrim,Ian Paisley MP,N06000012
172,North Ayrshire and Arran,Patricia Gibson MP,S14000048
173,North Cornwall,Scott Mann MP,E14000837
174,North Durham,Mr Kevan Jones MP,E14000840
175,North East Bedfordshire,Rt Hon Alistair Burt MP,E14000841
176,North East Cambridgeshire,Stephen Barclay MP,E14000842
177,North East Derbyshire,Lee Rowley MP,E14000843
178,North East Somerset,Mr Jacob Rees-Mogg MP,E14000846
179,North Norfolk,Rt Hon Norman Lamb MP,E14000848
180,North Shropshire,Rt Hon Owen Paterson MP,E14000849
181,North West Cambridgeshire,Mr Shailesh Vara MP,E14000855
182,North West Durham,Laura Pidcock MP,E14000856
183,North West Hampshire,Kit Malthouse MP,E14000857
184,North West Leicestershire,Andrew Bridgen MP,E14000858
185,North West Norfolk,Sir Henry Bellingham MP,E14000859
186,North Wiltshire,James Gray MP,E14000860
187,Norwich South,Clive Lewis MP,E14000864
188,Nottingham South,Lilian Greenwood MP,E14000867
189,Orpington,Joseph Johnson MP,E14000872
190,Oxford East,Anneliese Dodds MP,E14000873
191,Oxford West and Abingdon,Layla Moran MP,E14000874
192,Penistone and Stocksbridge,Angela Smith MP,E14000876
193,Penrith and The Border,Rory Stewart MP,E14000877
194,Peterborough,Fiona Onasanya MP,E14000878
195,"Plymouth, Sutton and Devonport",Luke Pollard MP,E14000880
196,Poole,Sir Robert Syms MP,E14000881
197,Poplar and Limehouse,Jim Fitzpatrick MP,E14000882
198,Portsmouth South,Stephen Morgan MP,E14000884
199,Putney,Rt Hon Justine Greening MP,E14000887
200,Reading East,Matt Rodda MP,E14000889
201,Reading West,Alok Sharma MP,E14000890
202,Redcar,Anna Turley MP,E14000891
203,Redditch,Rachel Maclean MP,E14000892
204,Reigate,Crispin Blunt MP,E14000893
205,Richmond Park,Zac Goldsmith MP,E14000896
206,Rochford and Southend East,James Duddridge MP,E14000899
207,Rossendale and Darwen,Jake Berry MP,E14000902
208,"Ross, Skye and Lochaber",Rt Hon Ian Blackford MP,S14000055
209,"Ruislip, Northwood and Pinner",Rt Hon Nick Hurd MP,E14000906
210,Rutland and Melton,Rt Hon Sir Alan Duncan MP,E14000909
211,Saffron Walden,Mrs Kemi Badenoch MP,E14000910
212,Salford and Eccles,Rebecca Long Bailey MP,E14000911
213,Salisbury,John Glen MP,E14000912
214,"Sheffield, Brightside and Hillsborough",Gill Furniss MP,E14000921
215,Sheffield Central,Paul Blomfield MP,E14000919
216,"Sheffield, Hallam",Jared O'Mara MP,E14000922
217,Sherwood,Mark Spencer MP,E14000924
218,Shrewsbury and Atcham,Daniel Kawczynski MP,E14000926
219,Sittingbourne and Sheppey,Gordon Henderson MP,E14000927
220,Sleaford and North Hykeham,Dr Caroline Johnson MP,E14000929
221,Slough,Mr Tanmanjeet Singh Dhesi MP,E14000930
222,Solihull,Julian Knight MP,E14000931
223,"Southampton, Test",Dr Alan Whitehead MP,E14000956
224,South East Cambridgeshire,Lucy Frazer MP,E14000937
225,South East Cornwall,Mrs Sheryll Murray MP,E14000938
226,Southend West,Sir David Amess MP,E14000957
227,South Leicestershire,Alberto Costa MP,E14000940
228,South Norfolk,Mr Richard Bacon MP,E14000941
229,South Ribble,Seema Kennedy MP,E14000943
230,South Swindon,Robert Buckland MP,E14000947
231,South West Surrey,Rt Hon Jeremy Hunt MP,E14000953
232,South West Wiltshire,Dr Andrew Murrison MP,E14000954
233,Staffordshire Moorlands,Rt Hon Karen Bradley MP,E14000966
234,St Albans,Mrs Anne Main MP,E14000960
235,Stevenage,Stephen McPartland MP,E14000968
236,St Ives,Derek Thomas MP,E14000964
237,Stockport,Ann Coffey MP,E14000969
238,Stockton South,Dr Paul Williams MP,E14000971
239,Stoke-on-Trent North,Ruth Smeeth MP,E14000973
240,Streatham,Chuka Umunna MP,E14000978
241,Stretford and Urmston,Kate Green MP,E14000979
242,Sutton and Cheam,Paul Scully MP,E14000984
243,Swansea West,Geraint Davies MP,W07000047
244,The Cotswolds,Sir Geoffrey Clifton-Brown MP,E14000991
245,Tonbridge and Malling,Tom Tugendhat MP,E14000997
246,Tottenham,Rt Hon David Lammy MP,E14001002
247,Tynemouth,Rt Hon Alan Campbell MP,E14001006
248,Upper Bann,David Simpson MP,N06000017
249,Vale of Glamorgan,Rt Hon Alun Cairns MP,W07000078
250,Vauxhall,Kate Hoey MP,E14001008
251,Warrington South,Faisal Rashid MP,E14001018
252,Warwick and Leamington,Matt Western MP,E14001019
253,Watford,Richard Harrington MP,E14001021
254,Wealden,Ms Nusrat Ghani MP,E14001023
255,Wells,James Heappey MP,E14001026
256,Welwyn Hatfield,Rt Hon Grant Shapps MP,E14001027
257,West Aberdeenshire and Kincardine,Andrew Bowie MP,S14000058
258,Westminster North,Ms Karen Buck MP,E14001036
259,Wigan,Lisa Nandy MP,E14001039
260,Wimbledon,Stephen Hammond MP,E14001040
261,Winchester,Steve Brine MP,E14001041
262,Wirral West,Margaret Greenwood MP,E14001044
263,Witney,Robert Courts MP,E14001046
264,Woking,Mr Jonathan Lord MP,E14001047
265,Worthing West,Sir Peter Bottomley MP,E14001055
266,Wycombe,Mr Steve Baker MP,E14001056
267,Ynys Môn,Albert Owen MP,W07000041
268,Aberavon,Stephen Kinnock MP,W07000049
269,Aberconwy,Guto Bebb MP,W07000058
270,Airdrie and Shotts,Neil Gray MP,S14000003
271,Alyn and Deeside,Mark Tami MP,W07000043
272,Amber Valley,Nigel Mills MP,E14000533
273,Angus,Kirstene Hair MP,S14000004
274,Arfon,Hywel Williams MP,W07000057
275,Argyll and Bute,Brendan O'Hara MP,S14000005
276,Ashton-under-Lyne,Angela Rayner MP,E14000537
277,Aylesbury,Rt Hon David Lidington MP,E14000538
278,"Ayr, Carrick and Cumnock",Bill Grant MP,S14000006
279,Banbury,Victoria Prentis MP,E14000539
280,Barking,Rt Hon Dame Margaret Hodge MP,E14000540
281,Barnsley Central,Dan Jarvis MP,E14000541
282,Barnsley East,Stephanie Peacock MP,E14000542
283,Barrow and Furness,John Woodcock MP,E14000543
284,Basildon and Billericay,Mr John Baron MP,E14000544
285,Batley and Spen,Tracy Brabin MP,E14000548
286,Beaconsfield,Rt Hon Dominic Grieve QC MP,E14000550
287,Beckenham,Bob Stewart MP,E14000551
288,Belfast South,Emma Little Pengelly MP,N06000003
289,Belfast West,Paul Maskey MP,N06000004
290,Bermondsey and Old Southwark,Neil Coyle MP,E14000553
291,"Berwickshire, Roxburgh and Selkirk",John Lamont MP,S14000008
292,Berwick-upon-Tweed,Mrs Anne-Marie Trevelyan MP,E14000554
293,Beverley and Holderness,Graham Stuart MP,E14000556
294,Bexhill and Battle,Huw Merriman MP,E14000557
295,Bexleyheath and Crayford,Rt Hon David Evennett MP,E14000558
296,Birkenhead,Rt Hon Frank Field MP,E14000559
297,"Birmingham, Erdington",Jack Dromey MP,E14000561
298,"Birmingham, Hodge Hill",Rt Hon Liam Byrne MP,E14000563
299,"Birmingham, Ladywood",Shabana Mahmood MP,E14000564
300,"Birmingham, Northfield",Richard Burden MP,E14000565
301,"Birmingham, Perry Barr",Mr Khalid Mahmood MP,E14000566
302,Bishop Auckland,Helen Goodman MP,E14000569
303,Blackley and Broughton,Graham Stringer MP,E14000571
304,Blackpool North and Cleveleys,Paul Maynard MP,E14000572
305,Blyth Valley,Mr Ronnie Campbell MP,E14000575
306,Bognor Regis and Littlehampton,Rt Hon Nick Gibb MP,E14000576
307,Bolsover,Mr Dennis Skinner MP,E14000577
308,Bolton North East,Sir David Crausby MP,E14000578
309,Bolton West,Chris Green MP,E14000580
310,Bootle,Peter Dowd MP,E14000581
311,Boston and Skegness,Matt Warman MP,E14000582
312,Bracknell,Dr Phillip Lee MP,E14000586
313,Bradford South,Judith Cummins MP,E14000588
314,Bradford West,Naz Shah MP,E14000589
315,Brecon and Radnorshire,Chris Davies MP,W07000068
316,Bridgend,Mrs Madeleine Moon MP,W07000073
317,Brigg and Goole,Andrew Percy MP,E14000596
318,Bristol North West,Darren Jones MP,E14000600
319,Bristol South,Karin Smyth MP,E14000601
320,Broadland,Rt Hon Keith Simpson MP,E14000603
321,Bromley and Chislehurst,Robert Neill MP,E14000604
322,Bromsgrove,Rt Hon Sajid Javid MP,E14000605
323,Broxbourne,Mr Charles Walker MP,E14000606
324,Burnley,Julie Cooper MP,E14000609
325,Burton,Andrew Griffiths MP,E14000610
326,Bury South,Mr Ivan Lewis MP,E14000612
327,Bury St Edmunds,Jo Churchill MP,E14000613
328,Caerphilly,Wayne David MP,W07000076
329,Calder Valley,Craig Whittaker MP,E14000614
330,Camborne and Redruth,George Eustice MP,E14000616
331,Cambridge,Daniel Zeichner MP,E14000617
332,Cannock Chase,Amanda Milling MP,E14000618
333,Cardiff Central,Jo Stevens MP,W07000050
334,Cardiff North,Anna McMorrin MP,W07000051
335,Carlisle,John Stevenson MP,E14000620
336,Carmarthen East and Dinefwr,Jonathan Edwards MP,W07000067
337,Castle Point,Rebecca Harris MP,E14000622
338,Central Devon,Rt Hon Mel Stride MP,E14000623
339,Central Suffolk and North Ipswich,Dr Dan Poulter MP,E14000624
340,Ceredigion,Ben Lake MP,W07000064
341,Charnwood,Edward Argar MP,E14000625
342,Chatham and Aylesford,Tracey Crouch MP,E14000626
343,Cheadle,Mary Robinson MP,E14000627
344,Cheltenham,Alex Chalk MP,E14000630
345,Chesterfield,Toby Perkins MP,E14000632
346,Chichester,Gillian Keegan MP,E14000633
347,Chipping Barnet,Rt Hon Theresa Villiers MP,E14000636
348,Chorley,Rt Hon Sir Lindsay Hoyle MP,E14000637
349,Christchurch,Sir Christopher Chope MP,E14000638
350,City of Chester,Christian Matheson MP,E14000640
351,Cleethorpes,Martin Vickers MP,E14000643
352,Clwyd South,Susan Elan Jones MP,W07000062
353,"Coatbridge, Chryston and Bellshill",Hugh Gaffney MP,S14000011
354,Colchester,Will Quince MP,E14000644
355,Colne Valley,Thelma Walker MP,E14000645
356,Copeland,Trudy Harrison MP,E14000647
357,Corby,Tom Pursglove MP,E14000648
358,Coventry North East,Colleen Fletcher MP,E14000649
359,Coventry North West,Mr Geoffrey Robinson MP,E14000650
360,Coventry South,Mr Jim Cunningham MP,E14000651
361,Crawley,Henry Smith MP,E14000652
362,Croydon North,Mr Steve Reed MP,E14000655
363,"Cumbernauld, Kilsyth and Kirkintilloch East",Stuart C. McDonald MP,S14000012
364,Cynon Valley,Rt Hon Ann Clwyd MP,W07000070
365,Dagenham and Rainham,Jon Cruddas MP,E14000657
366,Darlington,Jenny Chapman MP,E14000658
367,Dartford,Gareth Johnson MP,E14000659
368,Daventry,Chris Heaton-Harris MP,E14000660
369,Delyn,Rt Hon David Hanson MP,W07000042
370,Derby North,Chris Williamson MP,E14000662
371,Derbyshire Dales,Rt Hon Sir Patrick McLoughlin MP,E14000664
372,Derby South,Rt Hon Margaret Beckett MP,E14000663
373,Devizes,Rt Hon Claire Perry MP,E14000665
374,Dover,Charlie Elphicke MP,E14000670
375,Dudley North,Ian Austin MP,E14000671
376,Dudley South,Mike Wood MP,E14000672
377,Dumfries and Galloway,Mr Alister Jack MP,S14000013
378,"Dumfriesshire, Clydesdale and Tweeddale",Rt Hon David Mundell MP,S14000014
379,Dundee East,Stewart Hosie MP,S14000015
380,Dunfermline and West Fife,Douglas Chapman MP,S14000017
381,Dwyfor Meirionnydd,Liz Saville Roberts MP,W07000061
382,Ealing North,Stephen Pound MP,E14000675
383,Easington,Grahame Morris MP,E14000677
384,East Dunbartonshire,Jo Swinson MP,S14000018
385,East Ham,Rt Hon Stephen Timms MP,E14000679
386,"East Kilbride, Strathaven and Lesmahagow",Dr Lisa Cameron MP,S14000019
387,East Lothian,Martin Whitfield MP,S14000020
388,East Surrey,Mr Sam Gyimah MP,E14000681
389,East Worthing and Shoreham,Tim Loughton MP,E14000682
390,Eddisbury,Antoinette Sandbach MP,E14000686
391,Edinburgh East,Tommy Sheppard MP,S14000022
392,Edinburgh North and Leith,Deidre Brock MP,S14000023
393,Edinburgh South,Ian Murray MP,S14000024
394,Edinburgh South West,Joanna Cherry QC MP,S14000025
395,Edinburgh West,Christine Jardine MP,S14000026
396,Edmonton,Kate Osamor MP,E14000687
397,Elmet and Rothwell,Alec Shelbrooke MP,E14000689
398,Enfield North,Rt Hon Joan Ryan MP,E14000691
399,Epping Forest,Rt Hon Eleanor Laing MP,E14000693
400,Erewash,Maggie Throup MP,E14000695
401,Erith and Thamesmead,Teresa Pearce MP,E14000696
402,Esher and Walton,Dominic Raab MP,E14000697
403,Falkirk,John McNally MP,S14000028
404,Fareham,Suella Fernandes MP,E14000699
405,Fermanagh and South Tyrone,Michelle Gildernew MP,N06000007
406,Filton and Bradley Stoke,Jack Lopresti MP,E14000702
407,Folkestone and Hythe,Damian Collins MP,E14000704
408,Forest of Dean,Rt Hon Mark Harper MP,E14000705
409,Foyle,Elisha McCallion MP,N06000008
410,Gateshead,Ian Mearns MP,E14000709
411,Gedling,Vernon Coaker MP,E14000710
412,Glasgow North East,Mr Paul Sweeney MP,S14000032
413,Glasgow North West,Carol Monaghan MP,S14000033
414,Glasgow South,Stewart Malcolm McDonald MP,S14000034
415,Glasgow South West,Chris Stephens MP,S14000035
416,Gordon,Colin Clark MP,S14000037
417,Gosport,Caroline Dinenage MP,E14000713
418,Gower,Tonia Antoniazzi MP,W07000046
419,Grantham and Stamford,Nick Boles MP,E14000714
420,Greenwich and Woolwich,Matthew Pennycook MP,E14000718
421,Halesowen and Rowley Regis,James Morris MP,E14000722
422,Halifax,Holly Lynch MP,E14000723
423,Haltemprice and Howden,Rt Hon David Davis MP,E14000724
424,Halton,Derek Twigg MP,E14000725
425,Hammersmith,Andy Slaughter MP,E14000726
426,Hampstead and Kilburn,Tulip Siddiq MP,E14000727
427,Harborough,Neil O'Brien MP,E14000728
428,Harlow,Rt Hon Robert Halfon MP,E14000729
429,Harrow East,Bob Blackman MP,E14000731
430,Harrow West,Gareth Thomas MP,E14000732
431,Hartlepool,Mike Hill MP,E14000733
432,Hazel Grove,Mr William Wragg MP,E14000738
433,Hemsworth,Jon Trickett MP,E14000740
434,Hendon,Dr Matthew Offord MP,E14000741
435,Hexham,Guy Opperman MP,E14000746
436,Heywood and Middleton,Liz McInnes MP,E14000747
437,High Peak,Ruth George MP,E14000748
438,Hornsey and Wood Green,Catherine West MP,E14000752
439,Houghton and Sunderland South,Bridget Phillipson MP,E14000754
440,Hove,Peter Kyle MP,E14000755
441,Huddersfield,Mr Barry Sheerman MP,E14000756
442,Ilford North,Wes Streeting MP,E14000759
443,Inverclyde,Ronnie Cowan MP,S14000038
444,"Inverness, Nairn, Badenoch and Strathspey",Drew Hendry MP,S14000039
445,Islwyn,Chris Evans MP,W07000077
446,Jarrow,Mr Stephen Hepburn MP,E14000765
447,Kilmarnock and Loudoun,Alan Brown MP,S14000040
448,Kingston upon Hull North,Diana Johnson MP,E14000772
449,Knowsley,Rt Hon George Howarth MP,E14000775
450,Lagan Valley,Rt Hon Sir Jeffrey M. Donaldson MP,N06000009
451,Lanark and Hamilton East,Angela Crawley MP,S14000042
452,Lancaster and Fleetwood,Cat Smith MP,E14000776
453,Leeds Central,Rt Hon Hilary Benn MP,E14000777
454,Leeds East,Richard Burgon MP,E14000778
455,Leeds North East,Fabian Hamilton MP,E14000779
456,Leeds North West,Alex Sobel MP,E14000780
457,Leicester East,Rt Hon Keith Vaz MP,E14000782
458,Leicester South,Jonathan Ashworth MP,E14000783
459,Leigh,Jo Platt MP,E14000785
460,Lichfield,Michael Fabricant MP,E14000791
461,Lincoln,Karen Lee MP,E14000792
462,"Liverpool, Riverside",Mrs Louise Ellman MP,E14000793
463,"Liverpool, Walton",Dan Carden MP,E14000794
464,Llanelli,Nia Griffith MP,W07000045
465,Loughborough,Rt Hon Nicky Morgan MP,E14000797
466,Louth and Horncastle,Victoria Atkins MP,E14000798
467,Luton South,Mr Gavin Shuker MP,E14000801
468,Maidstone and The Weald,Mrs Helen Grant MP,E14000804
469,Makerfield,Yvonne Fovargue MP,E14000805
470,Maldon,Rt Hon John Whittingdale MP,E14000806
471,Manchester Central,Lucy Powell MP,E14000807
472,"Manchester, Withington",Jeff Smith MP,E14000809
473,Mansfield,Ben Bradley MP,E14000810
474,Mid Bedfordshire,Ms Nadine Dorries MP,E14000813
475,Mid Dorset and North Poole,Michael Tomlinson MP,E14000815
476,Midlothian,Danielle Rowley MP,S14000045
477,Mid Norfolk,George Freeman MP,E14000816
478,Mid Ulster,Francie Molloy MP,N06000010
479,Milton Keynes North,Rt Hon Mark Lancaster MP,E14000821
480,Milton Keynes South,Iain Stewart MP,E14000822
481,Mole Valley,Sir Paul Beresford MP,E14000824
482,Moray,Douglas Ross MP,S14000046
483,Morecambe and Lunesdale,David Morris MP,E14000825
484,Motherwell and Wishaw,Marion Fellows MP,S14000047
485,Newbury,Rt Hon Richard Benyon MP,E14000830
486,Newcastle-under-Lyme,Paul Farrelly MP,E14000834
487,Newcastle upon Tyne Central,Chi Onwurah MP,E14000831
488,New Forest East,Rt Hon Dr Julian Lewis MP,E14000827
489,Newry and Armagh,Mickey Brady MP,N06000011
490,"Normanton, Pontefract and Castleford",Rt Hon Yvette Cooper MP,E14000836
491,Northampton North,Michael Ellis MP,E14000861
492,North Devon,Peter Heaton-Jones MP,E14000838
493,North Down,Lady Hermon MP,N06000013
494,North East Fife,Stephen Gethins MP,S14000049
495,North East Hampshire,Mr Ranil Jayawardena MP,E14000844
496,North Herefordshire,Bill Wiggin MP,E14000847
497,North Somerset,Rt Hon Dr Liam Fox MP,E14000850
498,North Swindon,Justin Tomlinson MP,E14000851
499,North Thanet,Sir Roger Gale MP,E14000852
500,North Tyneside,Mary Glindon MP,E14000853
501,North Warwickshire,Craig Tracey MP,E14000854
502,Norwich North,Chloe Smith MP,E14000863
503,Nottingham East,Mr Chris Leslie MP,E14000865
504,Nottingham North,Alex Norris MP,E14000866
505,Nuneaton,Mr Marcus Jones MP,E14000868
506,Ochil and South Perthshire,Luke Graham MP,S14000050
507,Ogmore,Chris Elmore MP,W07000074
508,Old Bexley and Sidcup,Rt Hon James Brokenshire MP,E14000869
509,Oldham East and Saddleworth,Debbie Abrahams MP,E14000870
510,Oldham West and Royton,Jim McMahon MP,E14000871
511,Orkney and Shetland,Rt Hon Alistair Carmichael MP,S14000051
512,Paisley and Renfrewshire North,Gavin Newlands MP,S14000052
513,Paisley and Renfrewshire South,Mhairi Black MP,S14000053
514,Pendle,Andrew Stephenson MP,E14000875
515,Perth and North Perthshire,Pete Wishart MP,S14000054
516,"Plymouth, Moor View",Johnny Mercer MP,E14000879
517,Pontypridd,Owen Smith MP,W07000075
518,Portsmouth North,Rt Hon Penny Mordaunt MP,E14000883
519,Preseli Pembrokeshire,Rt Hon Stephen Crabb MP,W07000065
520,Preston,Sir Mark Hendrick MP,E14000885
521,Pudsey,Stuart Andrew MP,E14000886
522,Rayleigh and Wickford,Rt Hon Mark Francois MP,E14000888
523,Rhondda,Chris Bryant MP,W07000052
524,Ribble Valley,Mr Nigel Evans MP,E14000894
525,Richmond (Yorks),Rishi Sunak MP,E14000895
526,Rochdale,Tony Lloyd MP,E14000897
527,Rochester and Strood,Kelly Tolhurst MP,E14000898
528,Romford,Andrew Rosindell MP,E14000900
529,Romsey and Southampton North,Rt Hon Caroline Nokes MP,E14000901
530,Rother Valley,Rt Hon Sir Kevin Barron MP,E14000903
531,Rugby,Mark Pawsey MP,E14000905
532,Rushcliffe,Rt Hon Kenneth Clarke QC MP,E14000908
533,Rutherglen and Hamilton West,Ged Killen MP,S14000056
534,Scarborough and Whitby,Mr Robert Goodwill MP,E14000913
535,Scunthorpe,Nic Dakin MP,E14000914
536,Sedgefield,Phil Wilson MP,E14000915
537,Sefton Central,Bill Esterson MP,E14000916
538,Selby and Ainsty,Nigel Adams MP,E14000917
539,Sevenoaks,Rt Hon Sir Michael Fallon MP,E14000918
540,"Sheffield, Heeley",Louise Haigh MP,E14000923
541,Sheffield South East,Mr Clive Betts MP,E14000920
542,Shipley,Philip Davies MP,E14000925
543,Skipton and Ripon,Rt Hon Julian Smith MP,E14000928
544,Somerton and Frome,David Warburton MP,E14000932
545,South Antrim,Paul Girvan MP,N06000014
546,South Basildon and East Thurrock,Stephen Metcalfe MP,E14000933
547,South Cambridgeshire,Heidi Allen MP,E14000934
548,South Derbyshire,Mrs Heather Wheeler MP,E14000935
549,South Dorset,Richard Drax MP,E14000936
550,South Down,Chris Hazzard MP,N06000015
551,South Holland and The Deepings,Rt Hon John Hayes MP,E14000939
552,South Northamptonshire,Rt Hon Andrea Leadsom MP,E14000942
553,Southport,Damien Moore MP,E14000958
554,South Shields,Mrs Emma Lewell-Buck MP,E14000944
555,South Staffordshire,Rt Hon Gavin Williamson MP,E14000945
556,South Suffolk,James Cartlidge MP,E14000946
557,South Thanet,Craig Mackinlay MP,E14000948
558,South West Bedfordshire,Andrew Selous MP,E14000949
559,South West Devon,Mr Gary Streeter MP,E14000950
560,South West Hertfordshire,Rt Hon David Gauke MP,E14000951
561,South West Norfolk,Rt Hon Elizabeth Truss MP,E14000952
562,Spelthorne,Kwasi Kwarteng MP,E14000959
563,Stafford,Jeremy Lefroy MP,E14000965
564,Stalybridge and Hyde,Jonathan Reynolds MP,E14000967
565,St Austell and Newquay,Steve Double MP,E14000961
566,St Helens North,Conor McGinn MP,E14000962
567,St Helens South and Whiston,Ms Marie Rimmer MP,E14000963
568,Stirling,Stephen Kerr MP,S14000057
569,Stockton North,Alex Cunningham MP,E14000970
570,Stoke-on-Trent Central,Gareth Snell MP,E14000972
571,Stoke-on-Trent South,Jack Brereton MP,E14000974
572,Stone,Sir William Cash MP,E14000975
573,Stourbridge,Margot James MP,E14000976
574,Strangford,Jim Shannon MP,N06000016
575,Stratford-on-Avon,Nadhim Zahawi MP,E14000977
576,Stroud,Dr David Drew MP,E14000980
577,Suffolk Coastal,Dr Thérèse Coffey MP,E14000981
578,Sunderland Central,Julie Elliott MP,E14000982
579,Surrey Heath,Rt Hon Michael Gove MP,E14000983
580,Sutton Coldfield,Rt Hon Andrew Mitchell MP,E14000985
581,Swansea East,Carolyn Harris MP,W07000048
582,Tamworth,Christopher Pincher MP,E14000986
583,Tatton,Rt Hon Esther McVey MP,E14000987
584,Taunton Deane,Rebecca Pow MP,E14000988
585,Telford,Lucy Allan MP,E14000989
586,Tewkesbury,Mr Laurence Robertson MP,E14000990
587,Thirsk and Malton,Kevin Hollinrake MP,E14000993
588,Thornbury and Yate,Luke Hall MP,E14000994
589,Thurrock,Jackie Doyle-Price MP,E14000995
590,Tiverton and Honiton,Neil Parish MP,E14000996
591,Tooting,Dr Rosena Allin-Khan MP,E14000998
592,Torbay,Kevin Foster MP,E14000999
593,Torfaen,Nick Thomas-Symonds MP,W07000053
594,Torridge and West Devon,Mr Geoffrey Cox QC MP,E14001000
595,Totnes,Dr Sarah Wollaston MP,E14001001
596,Truro and Falmouth,Sarah Newton MP,E14001003
597,Tunbridge Wells,Rt Hon Greg Clark MP,E14001004
598,Twickenham,Rt Hon Sir Vince Cable MP,E14001005
599,Uxbridge and South Ruislip,Rt Hon Boris Johnson MP,E14001007
600,Vale of Clwyd,Chris Ruane MP,W07000060
601,Wakefield,Mary Creagh MP,E14001009
602,Wallasey,Ms Angela Eagle MP,E14001010
603,Walsall North,Eddie Hughes MP,E14001011
604,Walsall South,Valerie Vaz MP,E14001012
605,Walthamstow,Stella Creasy MP,E14001013
606,Wansbeck,Ian Lavery MP,E14001014
607,Wantage,Rt Hon Edward Vaizey MP,E14001015
608,Warley,Rt Hon John Spellar MP,E14001016
609,Warrington North,Helen Jones MP,E14001017
610,Washington and Sunderland West,Mrs Sharon Hodgson MP,E14001020
611,Waveney,Peter Aldous MP,E14001022
612,Weaver Vale,Mike Amesbury MP,E14001024
613,Wellingborough,Mr Peter Bone MP,E14001025
614,Wentworth and Dearne,Rt Hon John Healey MP,E14001028
615,West Bromwich East,Tom Watson MP,E14001029
616,West Bromwich West,Mr Adrian Bailey MP,E14001030
617,West Dorset,Rt Hon Sir Oliver Letwin MP,E14001031
618,West Dunbartonshire,Martin Docherty-Hughes MP,S14000059
619,West Ham,Lyn Brown MP,E14001032
620,West Lancashire,Rosie Cooper MP,E14001033
621,Westmorland and Lonsdale,Tim Farron MP,E14001037
622,Weston-super-Mare,John Penrose MP,E14001038
623,West Suffolk,Rt Hon Matt Hancock MP,E14001034
624,West Tyrone,,N06000018
625,West Worcestershire,Harriett Baldwin MP,E14001035
626,Windsor,Adam Afriyie MP,E14001042
627,Wirral South,Alison McGovern MP,E14001043
628,Witham,Rt Hon Priti Patel MP,E14001045
629,Wokingham,Rt Hon John Redwood MP,E14001048
630,Wolverhampton North East,Emma Reynolds MP,E14001049
631,Wolverhampton South East,Rt Hon Pat McFadden MP,E14001050
632,Wolverhampton South West,Eleanor Smith MP,E14001051
633,Worcester,Mr Robin Walker MP,E14001052
634,Workington,Sue Hayman MP,E14001053
635,Worsley and Eccles South,Barbara Keeley MP,E14001054
636,Wrexham,Ian C. Lucas MP,W07000044
637,Wyre and Preston North,Rt Hon Ben Wallace MP,E14001057
638,Wyre Forest,Mark Garnier MP,E14001058
639,Wythenshawe and Sale East,Mike Kane MP,E14001059
640,Yeovil,Mr Marcus Fysh MP,E14001060
641,York Outer,Julian Sturdy MP,E14001062
642,Doncaster North,Rt Hon Edward Miliband MP,E14000669
643,Great Grimsby,Melanie Onn MP,E14000716
644,Merthyr Tydfil and Rhymney,Gerald Jones MP,W07000071
645,The Wrekin,Mark Pritchard MP,E14000992
646,Brent North,Barry Gardiner MP,E14000592
647,"Caithness, Sutherland and Easter Ross",Jamie Stone MP,S14000009
648,Dewsbury,Paula Sherriff MP,E14000666
649,Na h-Eileanan an Iar,Angus Brendan MacNeil MP,S14000027
